corner,slew_ps,cload_fF,tpHL_ps,tpLH_ps,tfall_ps,trise_ps,e_hl_fJ,e_lh_fJ,p_leak_lo_pW,p_leak_hi_pW
tt,20.0,25.0,140.4926,116.23089999999999,237.78939999999997,233.0447,-0.28623000000000004,89.10249999999999,3.304949,108.61359999999999
tt,20.0,5.0,43.17808,35.53919,59.238299999999995,59.332429999999995,-0.458238,24.1724,3.304982,108.61359999999999
tt,20.0,10.0,67.6712,55.81192,103.87809999999999,102.7619,-0.36181100000000005,40.4453,3.305006,108.61359999999999
tt,20.0,1.0,22.99975,18.96506,23.54616,24.60011,-0.7309410000000001,11.0025,3.304986,108.61359999999999
tt,50.0,1.0,29.01289,26.37748,25.34523,28.187240000000003,-1.06241,10.8131,3.304986,108.61359999999999
tt,20.0,50.0,261.55449999999996,216.743,460.979,450.18449999999996,-0.257387,170.124,3.30486,108.61359999999999
tt,50.0,5.0,49.366189999999996,42.87795,59.41256,60.21237,-0.6987760000000001,24.0084,3.304982,108.61359999999999
tt,50.0,10.0,74.05906999999999,63.21854,103.875,102.7629,-0.5296219999999999,40.3275,3.305006,108.61370000000001
tt,50.0,50.0,268.27250000000004,224.30720000000002,460.9796,450.1843,-0.302126,170.091,3.30486,108.61359999999999
tt,100.0,5.0,60.2215,55.47813,63.951859999999996,66.70068,-0.94653,23.8784,3.304982,108.61359999999999
tt,100.0,1.0,38.40672,36.33216,33.47075,38.638220000000004,-1.27827,10.751900000000001,3.304986,108.61359999999999
tt,50.0,25.0,147.10649999999998,123.74140000000001,237.78879999999998,233.04460000000003,-0.368991,89.04159999999999,3.304949,108.61359999999999
tt,100.0,10.0,84.9654,75.75713,105.75959999999999,106.3378,-0.72957,40.2052,3.305006,108.61359999999999
tt,100.0,25.0,158.20260000000002,136.3178,237.7891,233.09050000000002,-0.485787,88.9629,3.304949,108.61370000000001
tt,100.0,50.0,279.49350000000004,236.9335,460.9791,450.1846,-0.369577,170.04299999999998,3.30486,108.61370000000001
tt,200.0,1.0,50.46664,49.33365,49.90174,58.11965,-1.35961,10.8424,3.304986,108.61370000000001
tt,200.0,5.0,80.84134,77.75064,80.36397,86.25516,-1.1558899999999999,23.8397,3.304982,108.61370000000001
tt,200.0,10.0,107.4565,101.2891,117.8327,121.39820000000002,-0.95934,40.1154,3.305006,108.61359999999999
tt,200.0,25.0,180.6459,161.6696,241.90409999999997,239.7347,-0.660783,88.8679,3.304949,108.61359999999999
tt,200.0,50.0,302.0394,262.2743,460.9796,450.6739,-0.48140499999999997,169.97299999999998,3.30486,108.61359999999999
tt,500.00000000000006,5.0,118.8044,119.32609999999998,132.3398,145.0919,-1.12064,24.2131,3.304982,108.61359999999999
tt,500.00000000000006,10.0,161.2287,159.1995,173.42399999999998,184.2613,-1.08103,40.3203,3.305006,108.61370000000001
tt,500.00000000000006,1.0,70.37681,71.52432,85.64465,98.7928,-1.04362,11.4701,3.304986,108.61370000000001
tt,500.00000000000006,25.0,249.45780000000002,238.2785,281.2382,286.2648,-0.8894810000000001,88.8811,3.304949,108.61359999999999
ss,20.0,1.0,30.65566,27.72935,32.482800000000005,36.90169,-0.6616759999999999,11.447,3.245123,4.2397789999999995
tt,500.00000000000006,50.0,370.4016,338.8845,481.78389999999996,477.8017,-0.682876,169.77200000000002,3.30486,108.61370000000001
ss,20.0,5.0,56.98205,52.928039999999996,80.36558,87.82912999999999,-0.450091,24.546,3.245108,4.23981
ss,20.0,10.0,89.09569,83.88239,140.2288,151.4911,-0.382502,40.7871,3.24511,4.239786
ss,20.0,25.0,184.79590000000002,176.34619999999998,319.8283,342.47670000000005,-0.331215,89.4181,3.244851,4.23981
ss,50.0,1.0,37.629619999999996,35.575120000000005,32.651979999999995,37.69945,-0.9767849999999999,11.267199999999999,3.245123,4.239798
ss,20.0,50.0,344.01,330.27590000000004,619.1655,660.7898,-0.312054,170.412,3.164171,4.255697
ss,50.0,5.0,64.38351,60.92163000000001,80.364,87.82897,-0.64071,24.433699999999998,3.245108,4.2397789999999995
ss,50.0,10.0,96.74861999999999,91.99393,140.2288,151.4905,-0.504048,40.7147,3.24511,4.239786
ss,100.0,1.0,50.26919,49.21091,37.430859999999996,44.49856,-1.24912,11.1346,3.245123,4.2397789999999995
ss,50.0,25.0,192.6862,184.57580000000002,319.8286,342.4768,-0.388761,89.3832,3.244851,4.239809
ss,50.0,50.0,352.0002,338.557,619.1655,660.7895,-0.343039,170.386,3.164171,4.258504
ss,100.0,5.0,77.07749000000001,74.48042,81.63472999999999,90.30965,-0.870324,24.3076,3.245108,4.2398039999999995
ss,100.0,50.0,365.32259999999997,352.3617,619.1654,660.7896999999999,-0.390782,170.342,3.164171,4.264321
ss,100.0,25.0,205.8674,198.31349999999998,319.82800000000003,342.4768,-0.47538199999999997,89.3324,3.244851,4.239809
ss,100.0,10.0,109.649,105.613,140.255,151.8326,-0.670212,40.6201,3.24511,4.2398050000000005
ss,200.0,1.0,71.14520999999999,70.18275,53.751189999999994,64.76409,-1.47597,11.0467,3.245123,4.239801
ss,200.0,25.0,232.3551,225.8853,320.10429999999997,343.2516,-0.623907,89.2491,3.244851,4.239809
ss,200.0,5.0,103.2867,102.1298,92.45333,103.631,-1.14729,24.172900000000002,3.245108,4.23977
ss,200.0,10.0,135.8753,133.1465,146.4478,160.1042,-0.9110429999999999,40.4939,3.24511,4.2398039999999995
ss,200.0,50.0,392.0112,380.0074,619.1655,660.7899,-0.47812699999999997,170.22299999999998,3.164171,4.28195
ss,500.00000000000006,5.0,166.8814,167.0815,144.1694,162.8546,-1.4414799999999999,24.074099999999998,3.245108,4.2398169999999995
ss,500.00000000000006,1.0,112.39460000000001,110.9691,95.29186999999999,114.1892,-1.62425,11.0556,3.245123,4.2397789999999995
ss,500.00000000000006,10.0,212.7305,212.6173,190.0764,209.2924,-1.25977,40.347699999999996,3.24511,4.2398169999999995
ss,500.00000000000006,25.0,312.62120000000004,309.2071,343.8295,371.0495,-0.9290220000000001,89.0946,3.244851,4.239794000000001
ff,20.0,1.0,18.10465,14.377989999999999,18.44509,18.83989,-0.7382409999999999,10.556099999999999,4.840982,6302.196000000001
ss,500.00000000000006,50.0,472.4092,463.2218,625.5313,669.1752,-0.690094,168.077,3.164171,4.453991
ff,20.0,5.0,34.51896,26.72387,47.2299,44.69809,-0.437887,23.756300000000003,4.840984,6302.196000000001
ff,20.0,10.0,54.433879999999995,41.8463,83.20441,77.81809,-0.316674,40.0554,4.840958,6302.196000000001
ff,20.0,25.0,113.5466,86.85791,191.14180000000002,177.1825,-0.216663,88.7399,4.841007,6302.196000000001
ff,20.0,50.0,211.7524,161.6929,371.0447,342.7901,-0.177833,169.774,4.839295,6302.196000000001
ff,50.0,1.0,23.2614,20.30727,22.46724,24.68776,-1.01755,10.477,4.840982,6302.196000000001
ff,50.0,5.0,39.70026,33.19151,48.565599999999996,47.58093,-0.688763,23.6066,4.840984,6302.196000000001
ff,50.0,10.0,59.710739999999994,48.29132,83.40785,78.86865999999999,-0.507575,39.927099999999996,4.840958,6302.196000000001
ff,50.0,25.0,118.9921,93.34987,191.14159999999998,177.1829,-0.31771200000000005,88.6644,4.841007,6302.196000000001
ff,50.0,50.0,217.2905,168.2244,371.0442,342.79089999999997,-0.23437400000000003,169.731,4.839295,6302.196000000001
ff,100.0,5.0,49.07757,43.86762,55.88736,56.905539999999995,-0.846187,23.6263,4.840984,6302.196000000001
ff,100.0,1.0,28.842200000000002,26.28767,32.26277,36.01226,-1.03142,10.674199999999999,4.840982,6302.196000000001
ff,100.0,25.0,128.22920000000002,104.3138,191.7018,179.0918,-0.436423,88.6083,4.841007,6302.196000000001
ff,100.0,10.0,68.94816,59.382329999999996,88.11042,85.58073,-0.673194,39.8855,4.840958,6302.196000000001
ff,100.0,50.0,226.5897,179.1745,371.0443,342.7908,-0.30777699999999997,169.69,4.839295,6302.196000000001
ff,200.0,5.0,62.64469,58.33274,76.03209,79.31586,-0.754035,24.0407,4.840984,6302.196000000001
ff,200.0,10.0,87.64384,79.82813,104.75200000000001,105.27220000000001,-0.705349,40.129,4.840958,6302.196000000001
ff,200.0,1.0,35.00986,33.547200000000004,47.37516,51.87677,-0.641964,11.365,4.840982,6302.196000000001
ff,500.00000000000006,5.0,83.70599,82.73863,124.8075,130.1284,0.6231099999999999,26.1383,4.840984,6302.196000000001
ff,500.00000000000006,1.0,44.034580000000005,45.890719999999995,84.06803000000001,89.37870000000001,1.66814,14.0735,4.840982,6302.196000000001
ff,200.0,50.0,245.43189999999998,201.30089999999998,373.0368,347.50919999999996,-0.385722,169.708,4.839295,6302.196000000001
ff,200.0,25.0,147.2011,126.65910000000001,200.907,191.57670000000002,-0.5309250000000001,88.6814,4.841007,6302.196000000001
ff,500.00000000000006,25.0,202.7691,187.29000000000002,252.06070000000003,250.36460000000002,-0.15765600000000002,89.6974,4.841007,6302.196000000001
ff,500.00000000000006,50.0,303.5537,268.9913,407.59369999999996,390.6907,-0.237516,170.29299999999998,4.839295,6302.196000000001
ff,500.00000000000006,10.0,120.9702,116.3908,163.3528,167.3376,0.189551,41.7973,4.840958,6302.196000000001
